shap,lime
0.0,-0.20228694708146422
0.0,-0.08599024818270673
0.0,-0.4632720249340576
0.0,-0.19778277129703534
0.0,-0.9826577905948004
0.0,-0.23627818726279484
0.0,0.08177049279440854
0.0,-0.8399418157607482
0.0,0.16435053426228566
0.0,0.05232887232719565
0.0,-0.17388245307024505
0.0,-1.5374848020902028
0.0,-0.7754605441206044
0.0,-0.18103133856176742
0.0,-0.8947171299557731
0.0,-0.6599999804987798
0.0,-1.7411822654697582
0.0,1.0447204300350992
0.0,-0.9732384931898252
0.0,-0.2559007747195553
0.0,-0.9017838385879293
0.0,0.46811953665578854
0.0,-0.40311315076754795
0.0,1.6160968629978731
0.0,1.0472654151624121
0.0,0.6063301283566308
0.0,0.03859894964260818
0.0,0.0031587237257264243
0.0,-0.5543979860713801
0.0,-1.3159150600295952
0.0,-0.607622383047733
0.0,0.03177240443767242
0.0,0.044642348138526335
0.0,-0.9463725189667027
0.0,-0.48529847167435053
0.0,1.0490839506115717
0.0,-0.5914518749811011
0.0,0.5898377302367181
0.0,-1.1362449689085723
0.0,-0.28870382806544
0.0,-0.6852179497554308
0.0,0.3251896136901364
0.0,0.6656473629795876
0.0,-0.3313596662582999
0.0,-0.7550361749676443
0.0,-1.425523729819959
0.0,-0.7856798876494688
0.0,0.374204066524798
0.0,0.32450567877271214
0.0,0.24757739904449022
0.0,-0.32865857211733646
0.0,0.6455946471648193
0.0,0.2208043485642356
0.0,1.063287711891599
0.0,-0.6695349771050154
0.0,0.5545181006989415
0.0,0.016633033755213245
0.0,0.42695113532863216
0.0,-0.6435372354270098
0.0,0.33727456952836693
0.0,-1.3973150407500046
0.0,0.28727341982681354
0.0,-0.7805201971546645
0.0,0.5115759512474651
0.0,0.647462556309195
0.0,-0.6959611193904914
0.0,-0.4812910891609163
0.0,-0.03185452560408544
0.0,-0.9884660527027496
0.0,-0.03738367736272798
0.0,-0.8506616195348221
0.0,-1.2779570256541959
0.0,1.206835544942019
0.0,-0.858300742994889
0.0,1.6063961030703662
0.0,0.2619945293121293
0.0,0.47608706128596345
0.0,0.2292243399643935
0.0,0.578729092631838
0.0,-0.49238928857525893
0.0,1.2040593406435312
0.0,-1.3654370773261189
0.0,-0.5772960822700441
0.0,-0.5059993883775251
0.0,0.2691702999502242
0.0,0.9832507749490962
0.0,0.8153114686283309
0.0,0.7896027328226892
0.0,0.7171279162913909
